well_code;field_prefix;n_rows;rho_implied_ozna_kg_m3;rho_pvt_degassed_kg_m3;delta_pct
Au_088;Au;2212;830.0;825.9921;0.49
Au_092;Au;2413;820.0;825.9921;-0.73
Au_101;Au;1205;803.0;825.9921;-2.78
Au_120;Au;48;833.0;825.9921;0.85
Au_122;Au;374;838.0;825.9921;1.45
Au_223;Au;2309;831.0;825.9921;0.61
Au_224;Au;4464;831.0;825.9921;0.61
Au_243;Au;3673;820.0;825.9921;-0.73
Au_24401;Au;2097;821.0;825.9921;-0.6
Au_24403;Au;435;857.0;825.9921;3.75
Au_260;Au;91;826.0;825.9921;0.0
Au_302;Au;2506;854.0;825.9921;3.39
Au_304;Au;1853;831.0;825.9921;0.61
Au_313;Au;1756;831.0;825.9921;0.61
Au_348;Au;988;820.0;825.9921;-0.73
Au_357;Au;3355;831.0;825.9921;0.61
Au_359;Au;2227;840.0;825.9921;1.7
Au_368;Au;5809;837.0;825.9921;1.33
Au_369;Au;4544;830.0;825.9921;0.49
Au_390;Au;604;823.0;825.9921;-0.36
Au_392;Au;1961;830.0;825.9921;0.49
Au_398;Au;3458;826.0;825.9921;0.0
Au_441;Au;1207;820.0;825.9921;-0.73
Au_447;Au;1103;831.0;825.9921;0.61
Au_452;Au;1085;810.0;825.9921;-1.94
Au_456;Au;423;829.0;825.9921;0.36
Au_468;Au;4324;829.0;825.9921;0.36
Au_510;Au;2989;831.0;825.9921;0.61
Au_520;Au;667;830.0;825.9921;0.49
Au_522;Au;2234;831.0;825.9921;0.61
Au_523;Au;79;836.0;825.9921;1.21
Au_530;Au;783;812.0;825.9921;-1.69
Au_777;Au;3814;831.0;825.9921;0.61
Au_800;Au;2027;825.0;825.9921;-0.12
Au_900;Au;1217;828.0;825.9921;0.24
Au_9102;Au;1385;779.0;825.9921;-5.69
Au_9601;Au;1126;828.0;825.9921;0.24
Au_9602;Au;3365;825.0;825.9921;-0.12
Au_9701;Au;422;830.0;825.9921;0.49
Au_9702;Au;7101;831.0;825.9921;0.61
Au_9703;Au;3263;831.0;825.9921;0.61
Au_9704;Au;2211;831.0;825.9921;0.61
Au_9706;Au;1173;831.0;825.9921;0.61
Au_9801;Au;5638;831.0;825.9921;0.61
Au_9802;Au;7120;820.0;825.9921;-0.73
Au_9803;Au;904;825.0;825.9921;-0.12
Az_157;Az;1259;808.0;825.9921;-2.18
Az_266;Az;301;831.0;825.9921;0.61
Az_267;Az;723;834.0;825.9921;0.97
Az_269;Az;482;820.0;825.9921;-0.73
Az_323;Az;181;831.0;825.9921;0.61
Az_333;Az;124;830.0;825.9921;0.49
Az_336;Az;2741;824.0;825.9921;-0.24
Az_338;Az;121;833.0;825.9921;0.85
Az_365;Az;1756;818.0;825.9921;-0.97
Az_372;Az;772;826.0;825.9921;0.0
Az_383;Az;857;830.0;825.9921;0.49
Az_385;Az;23;831.0;825.9921;0.61
Az_390;Az;301;833.0;825.9921;0.85
Az_391;Az;2580;791.0;825.9921;-4.24
Az_397;Az;301;830.0;825.9921;0.49
Az_401;Az;1199;828.0;825.9921;0.24
Az_465;Az;1184;840.0;825.9921;1.7
Az_470;Az;504;833.0;825.9921;0.85
Az_471;Az;196;833.0;825.9921;0.85
Az_753;Az;242;825.0;825.9921;-0.12
Bt_009p;Bt;1068;824.0;808.1644;1.96
Bt_1202;Bt;302;820.0;808.1644;1.46
Bt_1203;Bt;483;820.0;808.1644;1.46
Bt_1204;Bt;181;830.0;808.1644;2.7
Bt_1205;Bt;181;830.0;808.1644;2.7
Bt_1501;Bt;543;830.0;808.1644;2.7
Bt_1503;Bt;423;840.0;808.1644;3.94
Bt_1504;Bt;484;840.0;808.1644;3.94
Bt_1505;Bt;506;827.0;808.1644;2.33
Bt_1506;Bt;285;823.0;808.1644;1.84
Bt_161;Bt;121;820.0;808.1644;1.46
Bt_170;Bt;161;821.0;808.1644;1.59
Bt_171;Bt;721;818.0;808.1644;1.22
Bt_176;Bt;362;810.0;808.1644;0.23
Bt_2002;Bt;241;840.0;808.1644;3.94
Bt_508;Bt;664;820.0;808.1644;1.46
Ic_001;Ic;121;820.0;808.1644;1.46
Ic_002;Ic;523;828.0;808.1644;2.45
Ic_2403;Ic;298;820.0;808.1644;1.46
Ic_312;Ic;2236;820.0;808.1644;1.46
Ic_325;Ic;151;740.0;808.1644;-8.43
Ic_345;Ic;61;824.0;808.1644;1.96
Ic_349;Ic;529;820.0;808.1644;1.46
Ic_350;Ic;121;821.0;808.1644;1.59
Ic_359;Ic;121;830.0;808.1644;2.7
Ic_360;Ic;724;822.5;808.1644;1.77
Ic_361;Ic;245;816.0;808.1644;0.97
Ic_367;Ic;785;822.0;808.1644;1.71
Ic_368;Ic;121;838.0;808.1644;3.69
Ic_369;Ic;121;833.0;808.1644;3.07
Ic_370;Ic;121;827.0;808.1644;2.33
Ic_386;Ic;778;825.0;808.1644;2.08
Ic_405;Ic;241;841.0;808.1644;4.06
Ic_802;Ic;355;820.0;808.1644;1.46
Ic_803;Ic;1510;820.0;808.1644;1.46
Ic_805;Ic;363;820.0;808.1644;1.46
Ic_806;Ic;446;816.0;808.1644;0.97
Ic_807;Ic;542;830.0;808.1644;2.7
Ic_808;Ic;121;817.0;808.1644;1.09
Ic_903;Ic;121;827.0;808.1644;2.33
Ic_914;Ic;363;820.0;808.1644;1.46
Ic_916;Ic;362;824.0;808.1644;1.96
Ic_917;Ic;2951;829.0;808.1644;2.58
Ki_037;Ki;1680;825.0;825.9921;-0.12
Ki_3701;Ki;4005;770.0;825.9921;-6.78
Ki_3702;Ki;2333;825.0;825.9921;-0.12
Ki_3703;Ki;2142;815.0;825.9921;-1.33
Ki_3704;Ki;3986;829.0;825.9921;0.36
Ki_4701;Ki;181;827.0;825.9921;0.12
Ki_4703;Ki;2388;820.0;825.9921;-0.73
Ki_4704;Ki;2736;821.0;825.9921;-0.6
Ki_4705;Ki;1804;821.0;825.9921;-0.6
Ki_4706;Ki;1640;821.0;825.9921;-0.6
Ki_4707;Ki;302;808.0;825.9921;-2.18
Ki_4708;Ki;121;836.0;825.9921;1.21
Ki_71601;Ki;195;825.0;825.9921;-0.12
Ki_71602;Ki;181;820.0;825.9921;-0.73
Ki_71603;Ki;121;735.0;825.9921;-11.02
Ki_8901;Ki;181;810.0;825.9921;-1.94
Ma_205;Ma;253;827.0;808.1644;2.33
Ma_207;Ma;361;815.0;808.1644;0.85
Ma_220;Ma;450;825.0;808.1644;2.08
Ma_222;Ma;910;830.0;808.1644;2.7
Ma_226;Ma;1428;826.0;808.1644;2.21
Ma_805;Ma;1144;807.0;808.1644;-0.14
Msh_3701;Msh;121;716.0;825.9921;-13.32
Msh_3706;Msh;1724;796.0;825.9921;-3.63
Msh_3707;Msh;847;825.0;825.9921;-0.12
Msh_7001;Msh;3147;825.0;825.9921;-0.12
Msh_7002;Msh;1153;716.0;825.9921;-13.32
Vt_052;Vt;892;825.0;808.1644;2.08
Vt_054;Vt;1870;816.0;808.1644;0.97
Vt_17001;Vt;467;802.0;808.1644;-0.76
Vt_17901;Vt;912;800.0;808.1644;-1.01
Vt_17902;Vt;885;800.0;808.1644;-1.01
Vt_17904;Vt;1079;790.0;808.1644;-2.25
Vt_2501;Vt;243;825.0;808.1644;2.08
Vt_2505;Vt;582;807.0;808.1644;-0.14
Vt_2506;Vt;467;811.0;808.1644;0.35
Vt_302;Vt;182;820.0;808.1644;1.46
Vt_303;Vt;760;820.0;808.1644;1.46
Vt_320;Vt;1528;807.0;808.1644;-0.14
Vt_330;Vt;796;820.0;808.1644;1.46
Vt_3301;Vt;1073;820.0;808.1644;1.46
Vt_3302;Vt;61;865.0;808.1644;7.03
Vt_3304;Vt;1276;820.0;808.1644;1.46
Vt_3305;Vt;302;865.0;808.1644;7.03
Vt_3306;Vt;423;820.0;808.1644;1.46
Vt_3307;Vt;363;828.0;808.1644;2.45
Vt_3308;Vt;483;822.0;808.1644;1.71
Vt_3309;Vt;242;822.0;808.1644;1.71
Vt_3310;Vt;242;848.0;808.1644;4.93
Vt_3311;Vt;242;861.0;808.1644;6.54
Vt_3313;Vt;784;822.0;808.1644;1.71
Vt_3323;Vt;302;821.0;808.1644;1.59
Vt_33301;Vt;2395;821.0;808.1644;1.59
Vt_33302;Vt;1872;827.0;808.1644;2.33
Vt_33303;Vt;2087;828.0;808.1644;2.45
Vt_33304;Vt;838;830.0;808.1644;2.7
Vt_33305;Vt;2106;817.0;808.1644;1.09
Vt_33306;Vt;862;819.0;808.1644;1.34
Vt_33307;Vt;752;825.0;808.1644;2.08
Vt_33308;Vt;390;825.0;808.1644;2.08
Vt_33310;Vt;363;820.0;808.1644;1.46
Vt_33311;Vt;61;832.0;808.1644;2.95
Vt_337;Vt;282;820.0;808.1644;1.46
Vt_3405;Vt;421;835.0;808.1644;3.32
Vt_3406;Vt;1056;825.0;808.1644;2.08
Vt_4401;Vt;1931;830.0;808.1644;2.7
Vt_4403;Vt;1147;819.0;808.1644;1.34
Vt_4404;Vt;1289;820.0;808.1644;1.46
Vt_4406;Vt;1007;828.0;808.1644;2.45
Vt_4407;Vt;617;833.0;808.1644;3.07
Vt_4408;Vt;466;818.0;808.1644;1.22
Vt_4501;Vt;1501;820.0;808.1644;1.46
Vt_4502;Vt;689;820.0;808.1644;1.46
Vt_4504;Vt;922;820.0;808.1644;1.46
Vt_4505;Vt;2175;825.0;808.1644;2.08
Vt_4507;Vt;319;820.0;808.1644;1.46
Vt_4601;Vt;7632;829.0;808.1644;2.58
Vt_4602;Vt;997;830.0;808.1644;2.7
Vt_4603;Vt;4624;827.0;808.1644;2.33
Vt_4604;Vt;4573;820.0;808.1644;1.46
Vt_4605;Vt;2193;820.0;808.1644;1.46
Vt_4606;Vt;4359;820.0;808.1644;1.46
Vt_4607;Vt;4516;820.0;808.1644;1.46
Vt_4608;Vt;2568;820.0;808.1644;1.46
Vt_4609;Vt;3174;820.0;808.1644;1.46
Vt_4610;Vt;1328;820.0;808.1644;1.46
Vt_4702;Vt;359;830.0;808.1644;2.7
Vt_5003;Vt;2799;826.0;808.1644;2.21
Vt_5004;Vt;4189;823.0;808.1644;1.84
Vt_5005;Vt;2274;821.0;808.1644;1.59
Vt_5006;Vt;181;821.0;808.1644;1.59
Vt_5007;Vt;1714;831.0;808.1644;2.83
Vt_5008;Vt;786;817.0;808.1644;1.09
Vt_5101;Vt;4557;831.0;808.1644;2.83
Vt_5104;Vt;883;820.0;808.1644;1.46
Vt_5107;Vt;1498;820.0;808.1644;1.46
Vt_5109;Vt;1619;821.0;808.1644;1.59
Vt_5110;Vt;1271;820.0;808.1644;1.46
Vt_5201;Vt;1036;820.0;808.1644;1.46
Vt_5202;Vt;852;816.0;808.1644;0.97
Vt_5501;Vt;181;816.0;808.1644;0.97
Vt_5601;Vt;61;820.0;808.1644;1.46
Vt_5602;Vt;4095;823.0;808.1644;1.84
Vt_5604;Vt;2279;821.0;808.1644;1.59
Vt_5607;Vt;1054;823.0;808.1644;1.84
Vt_5608;Vt;1036;822.0;808.1644;1.71
Vt_5609;Vt;2234;821.0;808.1644;1.59
Vt_5611;Vt;2393;820.0;808.1644;1.46
Vt_5612;Vt;1458;825.0;808.1644;2.08
Vt_5701;Vt;467;820.0;808.1644;1.46
Vt_5703;Vt;61;825.0;808.1644;2.08
Vt_5706;Vt;2310;821.0;808.1644;1.59
Vt_5707;Vt;1540;825.0;808.1644;2.08
Vt_5709;Vt;1150;820.0;808.1644;1.46
Vt_5710;Vt;3166;825.0;808.1644;2.08
Vt_602;Vt;121;820.0;808.1644;1.46
Vt_603;Vt;121;818.0;808.1644;1.22
Vt_606;Vt;484;820.0;808.1644;1.46
Vt_620;Vt;182;820.0;808.1644;1.46
Vt_630;Vt;61;825.0;808.1644;2.08
Vt_6301;Vt;2514;823.0;808.1644;1.84
Vt_6302;Vt;3739;820.0;808.1644;1.46
Vt_6304;Vt;1530;820.0;808.1644;1.46
Vt_6306;Vt;819;820.0;808.1644;1.46
Vt_6307;Vt;3384;820.0;808.1644;1.46
Vt_6308;Vt;2310;820.0;808.1644;1.46
Vt_6309;Vt;1725;820.0;808.1644;1.46
Vt_6310;Vt;2714;820.0;808.1644;1.46
Vt_6311;Vt;1867;820.0;808.1644;1.46
Vt_638;Vt;121;821.0;808.1644;1.59
Vt_643;Vt;2367;820.0;808.1644;1.46
Vt_645;Vt;474;820.0;808.1644;1.46
Vt_654;Vt;1541;820.0;808.1644;1.46
Vt_656;Vt;1018;823.0;808.1644;1.84
Vt_7801;Vt;3409;820.0;808.1644;1.46
Vt_7802;Vt;2991;820.0;808.1644;1.46
Vt_7804;Vt;516;820.0;808.1644;1.46
Vt_7805;Vt;559;820.0;808.1644;1.46
Vt_8104;Vt;182;825.0;808.1644;2.08
Vt_8106;Vt;182;824.0;808.1644;1.96
Vt_8107;Vt;121;825.0;808.1644;2.08
Vt_8108;Vt;696;827.0;808.1644;2.33
Vt_8109;Vt;61;823.0;808.1644;1.84
Vt_8111;Vt;152;815.0;808.1644;0.85
Vt_8202;Vt;598;825.0;808.1644;2.08
Vt_8203;Vt;510;817.0;808.1644;1.09
Vt_8204;Vt;469;820.0;808.1644;1.46
Vt_8205;Vt;1465;810.0;808.1644;0.23
Vt_8207;Vt;151;820.0;808.1644;1.46
Vt_8401;Vt;1210;826.0;808.1644;2.21
Vt_8402;Vt;2476;825.0;808.1644;2.08
Vt_8403;Vt;301;820.0;808.1644;1.46
Vt_8404;Vt;1420;823.0;808.1644;1.84
Vt_8405;Vt;592;820.0;808.1644;1.46
Vt_8406;Vt;607;831.0;808.1644;2.83
Vt_8407;Vt;302;818.0;808.1644;1.22
Vt_8408;Vt;181;818.0;808.1644;1.22
Vt_8409;Vt;795;823.0;808.1644;1.84
Vt_8410;Vt;905;825.0;808.1644;2.08
Vt_8411;Vt;633;825.0;808.1644;2.08
Vt_8702;Vt;302;817.0;808.1644;1.09
Vt_8703;Vt;302;820.0;808.1644;1.46
Vt_8704;Vt;1749;825.0;808.1644;2.08
Vt_8705;Vt;1879;818.0;808.1644;1.22
Vt_8706;Vt;1621;816.0;808.1644;0.97
Vt_8707;Vt;1788;817.0;808.1644;1.09
Vt_8708;Vt;1025;817.0;808.1644;1.09
Vt_8709;Vt;2155;810.0;808.1644;0.23
Vt_8710;Vt;790;814.0;808.1644;0.72
Vt_8711;Vt;876;818.0;808.1644;1.22
Vt_8801;Vt;3971;818.0;808.1644;1.22
Vt_8802;Vt;2653;820.0;808.1644;1.46
Vt_8803;Vt;2261;816.0;808.1644;0.97
Vt_8804;Vt;942;820.0;808.1644;1.46
Vt_8805;Vt;1389;830.0;808.1644;2.7
Vt_8806;Vt;5380;820.0;808.1644;1.46
Vt_8807;Vt;2048;820.0;808.1644;1.46
Vt_8808;Vt;1266;825.0;808.1644;2.08
Vt_8809;Vt;4155;818.0;808.1644;1.22
Vt_8810;Vt;121;817.0;808.1644;1.09
Vt_8811;Vt;542;822.0;808.1644;1.71
Vt_8812;Vt;967;817.0;808.1644;1.09
Vt_8902;Vt;181;820.0;808.1644;1.46
Vt_8903;Vt;447;805.0;808.1644;-0.39
Vt_8905;Vt;1080;825.0;808.1644;2.08
Vt_9101;Vt;816;834.0;808.1644;3.2
Vt_9102;Vt;2174;825.5;808.1644;2.15
Vt_9103;Vt;180;831.0;808.1644;2.83
Vt_9104;Vt;2479;818.0;808.1644;1.22
Vt_9105;Vt;2280;822.0;808.1644;1.71
Vt_9107;Vt;1910;820.0;808.1644;1.46
Vt_9108;Vt;605;819.0;808.1644;1.34
Vt_9403;Vt;845;825.0;808.1644;2.08
Vt_9404;Vt;724;821.0;808.1644;1.59
Vt_9405;Vt;782;825.0;808.1644;2.08
Vt_9406;Vt;786;820.0;808.1644;1.46
Vt_9407;Vt;302;817.0;808.1644;1.09
Vt_9408;Vt;221;811.0;808.1644;0.35
Vt_9501;Vt;241;820.0;808.1644;1.46
Vt_9502;Vt;341;814.0;808.1644;0.72
Vt_9503;Vt;181;810.0;808.1644;0.23
Ya_101;Ya;462;840.0;825.9921;1.7
Ya_104;Ya;242;804.0;825.9921;-2.66
Ya_170;Ya;121;830.0;825.9921;0.49
Ya_208;Ya;61;829.0;825.9921;0.36
Ya_224;Ya;1450;836.0;825.9921;1.21
Ya_231;Ya;201;830.0;825.9921;0.49
Ya_236;Ya;121;836.0;825.9921;1.21
Ya_289;Ya;121;830.0;825.9921;0.49
Ya_329;Ya;934;818.0;825.9921;-0.97
Ya_371;Ya;121;842.0;825.9921;1.94
Ya_408;Ya;121;834.0;825.9921;0.97
Ya_410;Ya;1085;845.0;825.9921;2.3
Ya_416;Ya;3644;795.0;825.9921;-3.75
Ya_418;Ya;181;820.0;825.9921;-0.73
Ya_425;Ya;241;822.0;825.9921;-0.48
Ya_462;Ya;1213;830.0;825.9921;0.49
Ya_467;Ya;182;820.0;825.9921;-0.73
Ya_511;Ya;302;805.0;825.9921;-2.54
Ya_552;Ya;1917;846.0;825.9921;2.42
Ya_568;Ya;361;838.0;825.9921;1.45
Ya_587;Ya;121;830.0;825.9921;0.49
Ya_600;Ya;121;840.0;825.9921;1.7
Ya_631;Ya;121;842.0;825.9921;1.94
Ya_682;Ya;121;838.0;825.9921;1.45
Ya_746;Ya;2088;838.0;825.9921;1.45
Ya_755;Ya;297;836.0;825.9921;1.21
Ya_756;Ya;481;830.0;825.9921;0.49
Ya_759;Ya;603;816.0;825.9921;-1.21
Ya_760;Ya;859;830.0;825.9921;0.49
Ya_795;Ya;3738;826.0;825.9921;0.0
Ya_807;Ya;1533;819.0;825.9921;-0.85
Ya_821;Ya;1328;808.0;825.9921;-2.18
Ya_928;Ya;2996;830.0;825.9921;0.49
Ya_947;Ya;4079;805.0;825.9921;-2.54
Ya_949;Ya;4777;810.0;825.9921;-1.94
Ya_951;Ya;242;837.0;825.9921;1.33
Ya_955;Ya;4213;834.0;825.9921;0.97
Ya_956;Ya;423;851.0;825.9921;3.03
Za_380;Za;241;820.0;825.9921;-0.73
Za_381;Za;664;820.0;825.9921;-0.73
Za_382;Za;1201;820.0;825.9921;-0.73
Za_383;Za;725;825.0;825.9921;-0.12
Za_387;Za;889;820.0;825.9921;-0.73
Za_388;Za;1574;820.0;825.9921;-0.73
Za_389;Za;2286;820.0;825.9921;-0.73
